の	3
は	4
た	5
い	6
し	7
に	8
で	9
を	10
す	11
て	12
な	13
る	14
と	15
が	16
ま	17
っ	18
か	19
こ	20
れ	21
も	22
う	23
ら	24
り	25
あ	26
く	27
そ	28
ん	29
ー	30
彼	31
だ	32
き	33
よ	34
私	35
さ	36
ン	37
つ	38
ト	39
人	40
け	41
ス	42
え	43
ち	44
せ	45
ど	46
め	47
ル	48
お	49
日	50
や	51
女	52
年	53
イ	54
わ	55
ム	56
行	57
見	58
ア	59
生	60
大	61
分	62
一	63
リ	64
ラ	65
間	66
み	67
本	68
時	69
出	70
ク	71
事	72
学	73
的	74
ば	75
性	76
手	77
ッ	78
中	79
1	80
0	81
べ	82
要	83
何	84
ょ	85
言	86
子	87
後	88
じ	89
物	90
１	91
上	92
タ	93
自	94
方	95
ろ	96
実	97
者	98
ド	99
話	100
思	101
例	102
今	103
気	104
ジ	105
テ	106
用	107
作	108
動	109
ロ	110
全	111
シ	112
カ	113
結	114
発	115
会	116
下	117
合	118
ね	119
家	120
々	121
フ	122
理	123
来	124
国	125
２	126
果	127
化	128
2	129
明	130
ず	131
メ	132
最	133
前	134
プ	135
成	136
地	137
レ	138
目	139
法	140
デ	141
コ	142
度	143
知	144
部	145
術	146
入	147
体	148
ご	149
月	150
力	151
変	152
通	153
問	154
ほ	155
バ	156
数	157
考	158
場	159
解	160
マ	161
現	162
以	163
０	164
世	165
定	166
題	167
語	168
持	169
食	170
同	171
３	172
達	173
意	174
多	175
へ	176
経	177
当	178
関	179
げ	180
好	181
高	182
車	183
パ	184
所	185
能	186
説	187
機	188
チ	189
示	190
笑	191
使	192
び	193
験	194
代	195
電	196
界	197
ィ	198
心	199
教	200
新	201
必	202
グ	203
少	204
立	205
対	206
ニ	207
感	208
3	209
ビ	210
金	211
計	212
重	213
書	214
良	215
オ	216
症	217
君	218
取	219
キ	220
長	221
次	222
ゃ	223
業	224
5	225
文	226
外	227
認	228
起	229
不	230
9	231
概	232
ブ	233
５	234
画	235
ュ	236
開	237
名	238
サ	239
有	240
特	241
主	242
エ	243
記	244
面	245
在	246
得	247
歳	248
状	249
水	250
内	251
仕	252
過	253
ウ	254
回	255
小	256
　	257
歴	258
報	259
誰	260
他	261
無	262
道	263
期	264
我	265
４	266
調	267
始	268
死	269
ャ	270
男	271
向	272
治	273
常	274
違	275
点	276
社	277
聞	278
ミ	279
論	280
切	281
ダ	282
質	283
ぐ	284
4	285
素	286
検	287
信	288
先	289
ボ	290
味	291
音	292
供	293
強	294
ネ	295
む	296
真	297
近	298
セ	299
僕	300
表	301
正	302
病	303
ナ	304
初	305
決	306
8	307
活	308
構	309
楽	310
伝	311
ピ	312
二	313
種	314
存	315
ぎ	316
究	317
効	318
様	319
可	320
品	321
研	322
述	323
モ	324
６	325
形	326
受	327
加	328
着	329
料	330
校	331
ョ	332
運	333
情	334
親	335
6	336
試	337
ェ	338
組	339
身	340
ケ	341
進	342
悪	343
置	344
続	345
ひ	346
設	347
市	348
都	349
際	350
然	351
転	352
母	353
療	354
線	355
確	356
7	357
造	358
利	359
値	360
ベ	361
応	362
ズ	363
別	364
史	365
父	366
付	367
拍	368
観	369
再	370
ぶ	371
類	372
介	373
ガ	374
空	375
告	376
流	377
平	378
歩	379
科	380
神	381
単	382
量	383
価	384
屋	385
技	386
約	387
番	388
断	389
命	390
ハ	391
終	392
細	393
政	394
色	395
直	396
皆	397
京	398
ワ	399
原	400
海	401
患	402
戦	403
制	404
予	405
失	406
由	407
待	408
７	409
相	410
査	411
ノ	412
読	413
育	414
光	415
医	416
院	417
選	418
ギ	419
紹	420
ツ	421
集	422
非	423
測	424
ぜ	425
反	426
住	427
ざ	428
ポ	429
足	430
覚	431
口	432
産	433
安	434
基	435
両	436
８	437
標	438
率	439
連	440
像	441
察	442
指	443
第	444
頭	445
難	446
影	447
風	448
増	449
万	450
９	451
ペ	452
友	453
態	454
速	455
議	456
建	457
買	458
週	459
位	460
交	461
提	462
写	463
引	464
山	465
異	466
共	467
づ	468
係	469
a	470
込	471
血	472
元	473
ソ	474
英	475
与	476
消	477
呼	478
葉	479
ザ	480
保	481
員	482
配	483
白	484
式	485
昨	486
工	487
痛	488
天	489
夜	490
働	491
施	492
美	493
残	494
止	495
熱	496
朝	497
駅	498
飛	499
移	500
早	501
球	502
降	503
比	504
想	505
乗	506
e	507
公	508
注	509
帰	510
十	511
映	512
識	513
害	514
改	515
ゴ	516
適	517
域	518
民	519
毎	520
急	521
族	522
容	523
響	524
型	525
低	526
図	527
限	528
望	529
脳	530
義	531
視	532
答	533
雨	534
製	535
路	536
境	537
助	538
器	539
ヒ	540
差	541
野	542
側	543
診	544
紙	545
広	546
落	547
深	548
温	549
去	550
ｉ	551
遅	552
戻	553
ホ	554
離	555
資	556
案	557
程	558
東	559
幸	560
和	561
d	562
赤	563
段	564
半	565
歌	566
算	567
ぞ	568
減	569
薬	570
装	571
格	572
支	573
象	574
収	575
環	576
系	577
投	578
ゲ	579
討	580
役	581
興	582
三	583
送	584
ぼ	585
周	586
声	587
済	588
石	589
故	590
放	591
愛	592
返	593
木	594
求	595
胞	596
t	597
備	598
析	599
ゆ	600
習	601
旅	602
飲	603
財	604
況	605
件	606
探	607
功	608
統	609
個	610
徴	611
及	612
因	613
若	614
亡	615
士	616
i	617
晴	618
o	619
息	620
評	621
犬	622
完	623
善	624
健	625
府	626
ｍ	627
売	628
簡	629
．	630
念	631
証	632
満	633
優	634
m	635
展	636
管	637
古	638
等	639
規	640
星	641
演	642
染	643
緒	644
務	645
判	646
座	647
室	648
材	649
源	650
ｃ	651
勉	652
争	653
職	654
驚	655
太	656
参	657
骨	658
退	659
項	660
寝	661
精	662
接	663
各	664
火	665
号	666
顔	667
土	668
割	669
休	670
婚	671
革	672
恐	673
階	674
師	675
張	676
官	677
花	678
群	679
障	680
腹	681
準	682
任	683
欲	684
c	685
突	686
館	687
処	688
ふ	689
右	690
導	691
頃	692
頼	693
台	694
字	695
ァ	696
課	697
左	698
費	699
走	700
列	701
危	702
略	703
店	704
具	705
従	706
絶	707
ａ	708
圧	709
極	710
除	711
腫	712
未	713
権	714
背	715
雑	716
復	717
客	718
植	719
複	720
遠	721
勝	722
門	723
策	724
殺	725
築	726
服	727
絵	728
曜	729
忘	730
創	731
密	732
芸	733
困	734
織	735
似	736
康	737
陽	738
川	739
北	740
願	741
守	742
西	743
警	744
閉	745
遊	746
局	747
齢	748
n	749
傷	750
波	751
嫌	752
護	753
専	754
享	755
眠	756
床	757
徒	758
吸	759
千	760
夢	761
致	762
普	763
団	764
追	765
r	766
園	767
鉄	768
氏	769
散	770
較	771
模	772
著	773
s	774
ヨ	775
根	776
米	777
壊	778
詳	779
遺	780
曲	781
席	782
泳	783
険	784
夫	785
p	786
独	787
癌	788
節	789
辺	790
渡	791
振	792
御	793
候	794
払	795
条	796
苦	797
積	798
町	799
挙	800
ヤ	801
景	802
帯	803
登	804
欠	805
触	806
訴	807
均	808
肉	809
録	810
破	811
船	812
区	813
涯	814
覧	815
億	816
疑	817
更	818
ｔ	819
寄	820
酸	821
訳	822
布	823
宇	824
青	825
ォ	826
皮	827
途	828
負	829
換	830
射	831
円	832
互	833
聴	834
防	835
児	836
宙	837
軍	838
田	839
敗	840
領	841
農	842
含	843
ｐ	844
ぬ	845
副	846
照	847
訪	848
戸	849
授	850
般	851
庭	852
貧	853
撃	854
囲	855
兄	856
養	857
推	858
軽	859
撮	860
短	861
便	862
南	863
馬	864
魚	865
冷	866
激	867
商	868
束	869
択	870
静	871
抜	872
併	873
順	874
将	875
福	876
x	877
許	878
臓	879
描	880
整	881
百	882
倍	883
雪	884
援	885
修	886
ｓ	887
協	888
辞	889
洗	890
抗	891
跡	892
怒	893
油	894
営	895
晩	896
村	897
傾	898
為	899
ぱ	900
銀	901
固	902
夏	903
暗	904
祖	905
g	906
慣	907
超	908
乳	909
怖	910
臨	911
打	912
末	913
b	914
疲	915
悲	916
層	917
茶	918
猫	919
眼	920
壁	921
給	922
弟	923
微	924
液	925
罪	926
績	927
隣	928
留	929
刻	930
企	931
疾	932
折	933
歯	934
俺	935
暮	936
紀	937
横	938
労	939
沿	940
街	941
耳	942
ヘ	943
鳥	944
旧	945
才	946
l	947
ｒ	948
巻	949
宿	950
端	951
老	952
則	953
械	954
喜	955
属	956
居	957
賞	958
派	959
虫	960
h	961
膜	962
責	963
片	964
敵	965
舞	966
忙	967
皇	968
捕	969
砂	970
犯	971
窓	972
宅	973
黒	974
娘	975
夕	976
誤	977
扱	978
昼	979
拡	980
洋	981
剤	982
卵	983
衆	984
混	985
越	986
練	987
ユ	988
昇	989
弾	990
快	991
救	992
泣	993
携	994
申	995
依	996
四	997
寒	998
酒	999
損	1000
兵	1001
王	1002
ヶ	1003
ｎ	1004
慢	1005
秘	1006
総	1007
角	1008
県	1009
k	1010
攻	1011
鏡	1012
逃	1013
邪	1014
焼	1015
煙	1016
ゼ	1017
被	1018
惑	1019
箱	1020
己	1021
滅	1022
午	1023
博	1024
称	1025
菌	1026
燃	1027
ｄ	1028
州	1029
易	1030
姿	1031
採	1032
耐	1033
ｅ	1034
荷	1035
講	1036
倒	1037
勢	1038
妹	1039
祭	1040
首	1041
詩	1042
弱	1043
謝	1044
純	1045
抱	1046
奇	1047
余	1048
暴	1049
既	1050
縮	1051
押	1052
島	1053
延	1054
嘘	1055
腕	1056
髪	1057
妻	1058
逆	1059
昔	1060
富	1061
陸	1062
弁	1063
宗	1064
草	1065
牛	1066
姉	1067
粒	1068
載	1069
借	1070
頂	1071
肺	1072
範	1073
談	1074
核	1075
氷	1076
浮	1077
補	1078
劇	1079
廃	1080
盗	1081
礼	1082
禁	1083
炎	1084
靴	1085
努	1086
摘	1087
章	1088
拠	1089
ｈ	1090
維	1091
駄	1092
隠	1093
憶	1094
鳴	1095
印	1096
ｌ	1097
濃	1098
乱	1099
到	1100
冬	1101
並	1102
競	1103
誕	1104
脱	1105
瞬	1106
筋	1107
u	1108
仲	1109
炭	1110
刺	1111
毛	1112
春	1113
汚	1114
昭	1115
継	1116
磁	1117
賛	1118
律	1119
底	1120
橋	1121
諸	1122
宝	1123
五	1124
仮	1125
脈	1126
江	1127
操	1128
掛	1129
額	1130
枚	1131
震	1132
希	1133
益	1134
輸	1135
麻	1136
ｂ	1137
賢	1138
肝	1139
繰	1140
裏	1141
塩	1142
暇	1143
勤	1144
尋	1145
板	1146
河	1147
握	1148
尊	1149
索	1150
貸	1151
栄	1152
刑	1153
杯	1154
避	1155
港	1156
隊	1157
幼	1158
迎	1159
暖	1160
糖	1161
版	1162
ｏ	1163
ｇ	1164
筆	1165
訓	1166
排	1167
編	1168
替	1169
献	1170
丈	1171
巨	1172
奏	1173
f	1174
緑	1175
蔵	1176
武	1177
爆	1178
肢	1179
幅	1180
停	1181
婦	1182
毒	1183
司	1184
v	1185
暑	1186
厳	1187
森	1188
典	1189
城	1190
粉	1191
魔	1192
懸	1193
誘	1194
絡	1195
滞	1196
伴	1197
卒	1198
衝	1199
恋	1200
胸	1201
鍵	1202
貴	1203
否	1204
慮	1205
抑	1206
清	1207
届	1208
溶	1209
招	1210
池	1211
ヴ	1212
担	1213
陰	1214
至	1215
鹿	1216
儀	1217
騒	1218
林	1219
仏	1220
裁	1221
級	1222
包	1223
腸	1224
w	1225
吹	1226
針	1227
裂	1228
秒	1229
奈	1230
敬	1231
妙	1232
飼	1233
占	1234
恵	1235
黄	1236
省	1237
豊	1238
寿	1239
捨	1240
霊	1241
湖	1242
沢	1243
免	1244
勇	1245
ゅ	1246
酔	1247
距	1248
稿	1249
庫	1250
誌	1251
覆	1252
培	1253
駆	1254
融	1255
坊	1256
衛	1257
暦	1258
航	1259
雇	1260
伸	1261
机	1262
厚	1263
譜	1264
踊	1265
釈	1266
ぁ	1267
輪	1268
飯	1269
阪	1270
寺	1271
巣	1272
忠	1273
香	1274
腎	1275
承	1276
偶	1277
災	1278
帽	1279
久	1280
迷	1281
緊	1282
岸	1283
唯	1284
恥	1285
屈	1286
秋	1287
埋	1288
雲	1289
抵	1290
魅	1291
黙	1292
鮮	1293
崩	1294
沈	1295
穴	1296
腐	1297
薄	1298
塗	1299
晶	1300
幹	1301
ｆ	1302
尿	1303
没	1304
令	1305
了	1306
監	1307
y	1308
宮	1309
干	1310
墓	1311
削	1312
潜	1313
委	1314
盛	1315
偉	1316
舎	1317
六	1318
盤	1319
緯	1320
票	1321
肥	1322
顕	1323
冗	1324
税	1325
季	1326
奴	1327
膨	1328
棒	1329
銃	1330
聖	1331
冊	1332
販	1333
癒	1334
八	1335
丸	1336
妊	1337
ぽ	1338
網	1339
尽	1340
繋	1341
永	1342
徳	1343
遂	1344
叔	1345
貯	1346
株	1347
礎	1348
隔	1349
径	1350
脂	1351
頻	1352
乾	1353
掘	1354
涙	1355
堂	1356
催	1357
殖	1358
幾	1359
泊	1360
雄	1361
肩	1362
ｋ	1363
椅	1364
翌	1365
ｖ	1366
充	1367
井	1368
透	1369
浴	1370
鉛	1371
ｘ	1372
孫	1373
喫	1374
奮	1375
胃	1376
倉	1377
納	1378
鼻	1379
央	1380
ゾ	1381
奥	1382
j	1383
句	1384
狂	1385
蓄	1386
匹	1387
膚	1388
就	1389
看	1390
詰	1391
熟	1392
履	1393
樹	1394
陥	1395
劣	1396
泥	1397
縁	1398
駐	1399
侵	1400
踏	1401
札	1402
党	1403
挑	1404
稼	1405
鎖	1406
郵	1407
脚	1408
睡	1409
釣	1410
郷	1411
臣	1412
獲	1413
泉	1414
七	1415
傘	1416
奪	1417
房	1418
符	1419
襲	1420
闘	1421
甘	1422
輝	1423
裕	1424
璧	1425
菜	1426
趣	1427
渉	1428
腰	1429
翻	1430
抽	1431
叫	1432
貨	1433
糸	1434
促	1435
凍	1436
藤	1437
繁	1438
序	1439
九	1440
棄	1441
掃	1442
悔	1443
嬉	1444
湾	1445
郎	1446
帝	1447
誇	1448
僚	1449
軸	1450
悩	1451
逸	1452
孔	1453
志	1454
蒸	1455
洞	1456
硬	1457
往	1458
頑	1459
ｕ	1460
柄	1461
幕	1462
添	1463
捉	1464
怪	1465
腺	1466
衣	1467
祝	1468
掲	1469
摂	1470
双	1471
欧	1472
岩	1473
羽	1474
偏	1475
怠	1476
丘	1477
威	1478
滑	1479
宣	1480
葬	1481
豆	1482
嵐	1483
衰	1484
乏	1485
祈	1486
疫	1487
拒	1488
迫	1489
吐	1490
軟	1491
贈	1492
蚊	1493
即	1494
狭	1495
執	1496
華	1497
尾	1498
揺	1499
孤	1500
漁	1501
購	1502
竜	1503
袋	1504
剣	1505
紅	1506
却	1507
辛	1508
兆	1509
娠	1510
秀	1511
飾	1512
刷	1513
呈	1514
枝	1515
灯	1516
軌	1517
羊	1518
飢	1519
貢	1520
漫	1521
焦	1522
脅	1523
眺	1524
拝	1525
浸	1526
締	1527
糧	1528
鎌	1529
芝	1530
寛	1531
徐	1532
偽	1533
漢	1534
露	1535
緩	1536
酵	1537
湿	1538
殿	1539
冒	1540
揮	1541
ゥ	1542
濯	1543
仰	1544
粘	1545
嚢	1546
玉	1547
籍	1548
犠	1549
牲	1550
髄	1551
批	1552
柔	1553
遣	1554
媒	1555
罰	1556
俗	1557
繊	1558
彫	1559
餌	1560
皿	1561
闇	1562
紛	1563
需	1564
漠	1565
酷	1566
ヌ	1567
把	1568
臭	1569
甲	1570
督	1571
哲	1572
請	1573
審	1574
韓	1575
縦	1576
炉	1577
忍	1578
虚	1579
鉱	1580
柱	1581
賃	1582
歓	1583
磨	1584
飽	1585
垂	1586
呂	1587
唱	1588
如	1589
誉	1590
躍	1591
圏	1592
塔	1593
幻	1594
遷	1595
妥	1596
瓶	1597
捜	1598
棚	1599
愚	1600
顧	1601
摩	1602
唆	1603
荒	1604
雷	1605
勧	1606
肌	1607
隷	1608
紫	1609
潔	1610
灰	1611
酬	1612
敷	1613
巡	1614
ぴ	1615
浜	1616
肪	1617
姓	1618
銅	1619
瘍	1620
循	1621
帳	1622
慈	1623
栽	1624
胎	1625
貿	1626
逮	1627
塞	1628
錯	1629
胆	1630
篤	1631
虐	1632
霧	1633
壌	1634
牧	1635
縄	1636
勘	1637
恩	1638
穫	1639
庁	1640
契	1641
剖	1642
陵	1643
猿	1644
膝	1645
奨	1646
麦	1647
剥	1648
浄	1649
潰	1650
践	1651
噂	1652
還	1653
遭	1654
湯	1655
漏	1656
預	1657
谷	1658
珍	1659
弓	1660
詞	1661
叩	1662
崎	1663
匂	1664
獄	1665
枠	1666
冠	1667
惨	1668
雌	1669
阻	1670
狩	1671
ぷ	1672
囚	1673
稀	1674
貫	1675
豚	1676
徹	1677
券	1678
丁	1679
腔	1680
署	1681
誠	1682
拾	1683
渋	1684
芽	1685
恒	1686
謎	1687
殊	1688
鑑	1689
舌	1690
倫	1691
寂	1692
募	1693
鶏	1694
矢	1695
俳	1696
麗	1697
昆	1698
松	1699
召	1700
蜂	1701
斜	1702
潮	1703
慎	1704
歪	1705
償	1706
粗	1707
敏	1708
貼	1709
搬	1710
玄	1711
架	1712
妨	1713
寸	1714
筒	1715
銭	1716
剰	1717
凝	1718
ｗ	1719
熊	1720
頚	1721
敢	1722
箇	1723
塊	1724
咲	1725
尻	1726
随	1727
岡	1728
揚	1729
是	1730
縛	1731
蓋	1732
控	1733
盲	1734
噴	1735
刀	1736
励	1737
爵	1738
餓	1739
彩	1740
嘆	1741
綿	1742
噛	1743
伏	1744
燥	1745
悟	1746
衡	1747
擦	1748
桜	1749
伺	1750
翼	1751
兼	1752
紳	1753
汗	1754
岐	1755
缶	1756
沖	1757
括	1758
克	1759
癖	1760
鋭	1761
縫	1762
銘	1763
卓	1764
泡	1765
坂	1766
魂	1767
僧	1768
附	1769
童	1770
痢	1771
封	1772
粋	1773
佐	1774
猟	1775
郊	1776
旬	1777
憩	1778
旗	1779
汁	1780
竹	1781
溢	1782
鋼	1783
殆	1784
又	1785
鼓	1786
廷	1787
絞	1788
裸	1789
巧	1790
邦	1791
藻	1792
廟	1793
殻	1794
喋	1795
窒	1796
脊	1797
諦	1798
盾	1799
辱	1800
椎	1801
仙	1802
蛋	1803
ぺ	1804
笛	1805
幽	1806
憲	1807
咳	1808
遇	1809
疹	1810
鬱	1811
淡	1812
狙	1813
喉	1814
伊	1815
哺	1816
濡	1817
脇	1818
穏	1819
洪	1820
棟	1821
莫	1822
勲	1823
痺	1824
閣	1825
旨	1826
枯	1827
譲	1828
砕	1829
畑	1830
凄	1831
懐	1832
梅	1833
秩	1834
潤	1835
畜	1836
滴	1837
矯	1838
壮	1839
桁	1840
託	1841
穿	1842
穀	1843
矛	1844
蛇	1845
刊	1846
綺	1847
揃	1848
遮	1849
顎	1850
跳	1851
喧	1852
隅	1853
砲	1854
渇	1855
掌	1856
誓	1857
鬼	1858
謀	1859
厄	1860
ｊ	1861
浪	1862
侮	1863
尺	1864
吉	1865
崖	1866
浅	1867
豪	1868
祉	1869
紋	1870
爪	1871
挿	1872
z	1873
撲	1874
殴	1875
頬	1876
蔑	1877
烈	1878
汽	1879
陣	1880
盟	1881
ぇ	1882
妬	1883
嘩	1884
拓	1885
掴	1886
憎	1887
賭	1888
騙	1889
陶	1890
慶	1891
賄	1892
蛍	1893
惹	1894
脹	1895
叶	1896
挨	1897
拶	1898
堆	1899
紐	1900
捧	1901
扉	1902
鎮	1903
伎	1904
喩	1905
舗	1906
硫	1907
凡	1908
錠	1909
稲	1910
獣	1911
遍	1912
醤	1913
亀	1914
窟	1915
沸	1916
軒	1917
絹	1918
旦	1919
ｑ	1920
菓	1921
搭	1922
賊	1923
儲	1924
槽	1925
涼	1926
倣	1927
稚	1928
泌	1929
蜜	1930
唐	1931
煮	1932
鞄	1933
奉	1934
壇	1935
覗	1936
貌	1937
鋳	1938
戒	1939
股	1940
傍	1941
訊	1942
郭	1943
蹴	1944
堅	1945
拘	1946
隙	1947
袖	1948
鯨	1949
遡	1950
雰	1951
ヵ	1952
貝	1953
訟	1954
債	1955
馴	1956
漂	1957
鐘	1958
須	1959
吠	1960
苗	1961
耗	1962
嫉	1963
叱	1964
哀	1965
垣	1966
輩	1967
征	1968
戚	1969
桃	1970
憂	1971
溺	1972
盆	1973
弦	1974
撤	1975
唇	1976
瞭	1977
栓	1978
迅	1979
之	1980
渦	1981
腿	1982
蝶	1983
里	1984
茂	1985
粧	1986
亜	1987
礁	1988
閲	1989
痴	1990
溝	1991
伯	1992
疎	1993
碑	1994
拭	1995
崇	1996
嗅	1997
辿	1998
旋	1999
杖	2000
臆	2001
綴	2002
頓	2003
欺	2004
褒	2005
珠	2006
茎	2007
羅	2008
脆	2009
ｙ	2010
廊	2011
曇	2012
津	2013
臼	2014
畳	2015
遥	2016
禅	2017
萎	2018
刈	2019
慌	2020
漬	2021
丹	2022
寧	2023
郡	2024
謙	2025
斑	2026
梁	2027
伐	2028
焉	2029
騰	2030
娯	2031
蔓	2032
陳	2033
虹	2034
箸	2035
肖	2036
訂	2037
痕	2038
喪	2039
寮	2040
賂	2041
琵	2042
琶	2043
墳	2044
枢	2045
姫	2046
剛	2047
昧	2048
勿	2049
但	2050
啓	2051
斎	2052
鈴	2053
瞑	2054
曖	2055
耕	2056
該	2057
拷	2058
痩	2059
簿	2060
醜	2061
堪	2062
祥	2063
紡	2064
曝	2065
鍋	2066
雅	2067
鈍	2068
婆	2069
肘	2070
骸	2071
汰	2072
朗	2073
艇	2074
勾	2075
祀	2076
帆	2077
禄	2078
猛	2079
塀	2080
鍛	2081
吊	2082
惚	2083
諾	2084
些	2085
函	2086
牡	2087
艦	2088
斬	2089
瓦	2090
賀	2091
貰	2092
塵	2093
呆	2094
傑	2095
幣	2096
這	2097
絆	2098
炊	2099
q	2100
梢	2101
宛	2102
挫	2103
阿	2104
檎	2105
苛	2106
披	2107
痘	2108
娩	2109
叙	2110
墨	2111
珊	2112
瑚	2113
惰	2114
采	2115
擬	2116
棲	2117
庶	2118
肯	2119
麺	2120
斉	2121
零	2122
虎	2123
怯	2124
喝	2125
刃	2126
濁	2127
妄	2128
糞	2129
胚	2130
牽	2131
嫁	2132
噌	2133
籠	2134
枕	2135
隆	2136
曰	2137
播	2138
窮	2139
訣	2140
憧	2141
薦	2142
卑	2143
峠	2144
据	2145
詠	2146
膿	2147
隕	2148
侍	2149
累	2150
ｚ	2151
坦	2152
慰	2153
蘇	2154
醸	2155
眉	2156
贅	2157
搾	2158
斐	2159
饉	2160
扇	2161
瀕	2162
餅	2163
昏	2164
班	2165
瀬	2166
羨	2167
戯	2168
漕	2169
傲	2170
瞳	2171
填	2172
姦	2173
愉	2174
僅	2175
惜	2176
溜	2177
勃	2178
綱	2179
赦	2180
詐	2181
虜	2182
穂	2183
匿	2184
憤	2185
蠣	2186
宴	2187
釘	2188
偵	2189
鉢	2190
愕	2191
侶	2192
薩	2193
汎	2194
惧	2195
欄	2196
懲	2197
騎	2198
擁	2199
澄	2200
幌	2201
乞	2202
罠	2203
逝	2204
唾	2205
挟	2206
笠	2207
后	2208
褐	2209
暢	2210
呪	2211
賜	2212
杉	2213
纂	2214
凹	2215
儒	2216
繕	2217
剃	2218
凧	2219
鶴	2220
柵	2221
湧	2222
薫	2223
靭	2224
旺	2225
忌	2226
捻	2227
措	2228
胴	2229
醒	2230
邸	2231
凶	2232
拳	2233
匠	2234
抹	2235
弧	2236
沌	2237
錆	2238
恨	2239
赴	2240
杭	2241
沼	2242
岳	2243
轄	2244
那	2245
拐	2246
斧	2247
茹	2248
ヲ	2249
飴	2250
狼	2251
滝	2252
荘	2253
髭	2254
沙	2255
芋	2256
潟	2257
墜	2258
詫	2259
倦	2260
漆	2261
舟	2262
牙	2263
窃	2264
曾	2265
曹	2266
憐	2267
稽	2268
灌	2269
綻	2270
葛	2271
隻	2272
槍	2273
堕	2274
爽	2275
兎	2276
酢	2277
陪	2278
喘	2279
茨	2280
訛	2281
詣	2282
漑	2283
鼠	2284
姪	2285
苺	2286
煎	2287
馳	2288
喚	2289
鹸	2290
坐	2291
塑	2292
畏	2293
陀	2294
蓮	2295
蛙	2296
甥	2297
鷹	2298
霜	2299
雀	2300
宜	2301
箋	2302
纏	2303
仔	2304
蘭	2305
舵	2306
勅	2307
蛮	2308
逐	2309
埃	2310
尚	2311
峡	2312
孝	2313
縞	2314
淘	2315
膠	2316
蒙	2317
侯	2318
掻	2319
餐	2320
尖	2321
堤	2322
聡	2323
筈	2324
甚	2325
胡	2326
蜘	2327
蛛	2328
鱗	2329
煉	2330
嵯	2331
峨	2332
漸	2333
捗	2334
凸	2335
楼	2336
妃	2337
弊	2338
濫	2339
葡	2340
智	2341
峰	2342
煩	2343
玩	2344
ぉ	2345
撒	2346
讐	2347
駿	2348
轢	2349
梯	2350
糊	2351
琴	2352
鞘	2353
謡	2354
氾	2355
葵	2356
萄	2357
汲	2358
諺	2359
塾	2360
埼	2361
妖	2362
痔	2363
泰	2364
冥	2365
晒	2366
呑	2367
箔	2368
濾	2369
廻	2370
硝	2371
苔	2372
麓	2373
慨	2374
弘	2375
躊	2376
躇	2377
鞭	2378
臥	2379
卸	2380
也	2381
樽	2382
梗	2383
錘	2384
吟	2385
棺	2386
逢	2387
塁	2388
狐	2389
謹	2390
暫	2391
牢	2392
膏	2393
塚	2394
悦	2395
潅	2396
朽	2397
蝕	2398
姑	2399
錐	2400
屑	2401
檻	2402
弄	2403
碗	2404
蒔	2405
楕	2406
藁	2407
罵	2408
爬	2409
酎	2410
舶	2411
淋	2412
扶	2413
韻	2414
沃	2415
迄	2416
錬	2417
狸	2418
薔	2419
薇	2420
鳩	2421
鯉	2422
垢	2423
薪	2424
繍	2425
倹	2426
悼	2427
阜	2428
洩	2429
膀	2430
胱	2431
汝	2432
尼	2433
梨	2434
婿	2435
龍	2436
或	2437
屍	2438
吃	2439
屏	2440
憑	2441
淵	2442
桟	2443
稜	2444
膵	2445
襟	2446
愁	2447
鎧	2448
堵	2449
烏	2450
閑	2451
芯	2452
賑	2453
瓜	2454
篠	2455
芳	2456
菱	2457
蚕	2458
屠	2459
罹	2460
其	2461
宰	2462
ぢ	2463
桶	2464
柿	2465
嗜	2466
譚	2467
遵	2468
洒	2469
嘲	2470
粛	2471
賠	2472
猶	2473
蝋	2474
槌	2475
彗	2476
贋	2477
彙	2478
蟻	2479
董	2480
碁	2481
棋	2482
茸	2483
仁	2484
懇	2485
裾	2486
栗	2487
緻	2488
叢	2489
坑	2490
窯	2491
祷	2492
窄	2493
鞍	2494
憾	2495
乙	2496
癇	2497
迦	2498
膳	2499
此	2500
奔	2501
伍	2502
壕	2503
閃	2504
弥	2505
彰	2506
釜	2507
篇	2508
藍	2509
汐	2510
戮	2511
讃	2512
曼	2513
咽	2514
壺	2515
螺	2516
閾	2517
嫡	2518
撹	2519
轟	2520
戴	2521
紺	2522
撥	2523
墟	2524
瘡	2525
滋	2526
駒	2527
云	2528
唖	2529
皺	2530
煽	2531
梱	2532
苑	2533
礫	2534
蹄	2535
琥	2536
珀	2537
萌	2538
躁	2539
荼	2540
且	2541
椰	2542
叉	2543
弔	2544
宵	2545
獅	2546
喰	2547
埠	2548
閥	2549
燈	2550
灼	2551
貪	2552
諭	2553
囁	2554
吻	2555
楊	2556
秤	2557
焚	2558
朴	2559
謳	2560
弛	2561
桑	2562
渓	2563
僻	2564
肋	2565
卿	2566
裔	2567
詮	2568
漱	2569
鍮	2570
筑	2571
吾	2572
仇	2573
燭	2574
嶺	2575
尉	2576
疱	2577
椀	2578
嬢	2579
腱	2580
窪	2581
淹	2582
呉	2583
盪	2584
俵	2585
畝	2586
冑	2587
靱	2588
而	2589
咎	2590
鴨	2591
某	2592
怨	2593
寓	2594
廉	2595
蛾	2596
冴	2597
椒	2598
賦	2599
亭	2600
爺	2601
姻	2602
賓	2603
蔭	2604
揉	2605
慕	2606
淑	2607
穢	2608
悶	2609
只	2610
撫	2611
斗	2612
挽	2613
薙	2614
榴	2615
虔	2616
泄	2617
准	2618
峙	2619
珪	2620
坪	2621
涅	2622
槃	2623
蔽	2624
煤	2625
睦	2626
禍	2627
孵	2628
浦	2629
岬	2630
砦	2631
芭	2632
蕉	2633
唄	2634
袈	2635
裟	2636
頁	2637
覇	2638
踪	2639
鮭	2640
繭	2641
朱	2642
厨	2643
痒	2644
鋤	2645
摺	2646
雛	2647
冶	2648
貞	2649
狡	2650
晰	2651
棘	2652
艶	2653
窩	2654
菩	2655
遁	2656
凌	2657
殉	2658
瞰	2659
掟	2660
諮	2661
棠	2662
篭	2663
李	2664
堀	2665
於	2666
樫	2667
蹟	2668
畔	2669
柳	2670
昌	2671
鷲	2672
釧	2673
豹	2674
寡	2675
炒	2676
橙	2677
儚	2678
蝿	2679
輔	2680
塹	2681
肴	2682
眩	2683
鋸	2684
凋	2685
鴎	2686
庇	2687
猾	2688
竿	2689
駟	2690
晦	2691
拙	2692
柑	2693
橘	2694
款	2695
頸	2696
遙	2697
艘	2698
駕	2699
睾	2700
諜	2701
謂	2702
酪	2703
曳	2704
霞	2705
恭	2706
蒲	2707
糾	2708
腑	2709
鵜	2710
套	2711
綾	2712
睨	2713
舐	2714
隈	2715
謁	2716
媚	2717
藪	2718
紆	2719
呵	2720
鱒	2721
壷	2722
鮫	2723
癪	2724
狗	2725
兜	2726
遜	2727
扮	2728
拉	2729
拗	2730
跪	2731
宥	2732
聾	2733
扁	2734
絨	2735
頷	2736
燻	2737
膣	2738
懺	2739
慧	2740
粥	2741
桂	2742
鄧	2743
窺	2744
恣	2745
碍	2746
桿	2747
疽	2748
黎	2749
饗	2750
捷	2751
跨	2752
櫃	2753
粕	2754
臂	2755
蒼	2756
蝙	2757
蝠	2758
菊	2759
櫛	2760
蟹	2761
憊	2762
磯	2763
齧	2764
楚	2765
浩	2766
几	2767
禎	2768
彦	2769
嬌	2770
俊	2771
ヅ	2772
啄	2773
陛	2774
攫	2775
鄙	2776
喀	2777
疇	2778
頒	2779
佳	2780
慄	2781
悠	2782
賽	2783
嵌	2784
羞	2785
毯	2786
呟	2787
暁	2788
鱈	2789
竪	2790
ゝ	2791
巾	2792
靡	2793
杏	2794
颯	2795
疼	2796
涜	2797
恍	2798
貶	2799
嚇	2800
徘	2801
徊	2802
摯	2803
檀	2804
禽	2805
醍	2806
醐	2807
叡	2808
俯	2809
燐	2810
贄	2811
瘤	2812
秦	2813
姜	2814
瀑	2815
咀	2816
嚼	2817
祟	2818
芥	2819
庸	2820
痙	2821
攣	2822
巷	2823
庵	2824
慇	2825
懃	2826
禿	2827
煌	2828
袴	2829
匙	2830
斤	2831
渚	2832
湘	2833
蝮	2834
淫	2835
鉤	2836
擢	2837
逞	2838
茄	2839
錫	2840
迂	2841
串	2842
驕	2843
誦	2844
躾	2845
訝	2846
斯	2847
壽	2848
嘔	2849
誹	2850
鋲	2851
蝸	2852
軋	2853
恊	2854
臀	2855
㎝	2856
冤	2857
釉	2858
穣	2859
檜	2860
鍬	2861
牝	2862
峻	2863
婉	2864
瞞	2865
嶼	2866
憚	2867
蕾	2868
躓	2869
鮎	2870
〆	2871
壱	2872
唸	2873
碇	2874
擂	2875
娼	2876
訃	2877
萩	2878
耽	2879
嘗	2880
囀	2881
雉	2882
墾	2883
葦	2884
涵	2885
踵	2886
朕	2887
爛	2888
悸	2889
旱	2890
魃	2891
瀾	2892
霹	2893
靂	2894
濤	2895
嘱	2896
錦	2897
瞼	2898
洲	2899
瞥	2900
茫	2901
蜃	2902
哨	2903
蕩	2904
雹	2905
粟	2906
梳	2907
噪	2908
擲	2909
咆	2910
哮	2911
卯	2912
蒡	2913
汀	2914
妾	2915
噓	2916
脾	2917
傀	2918
儡	2919
已	2920
厭	2921
呻	2922
捏	2923
埒	2924
痰	2925
紗	2926
謗	2927
柚	2928
桐	2929
遽	2930
碧	2931
做	2932
籤	2933
斥	2934
葯	2935
翔	2936
厩	2937
斂	2938
乖	2939
箒	2940
贖	2941
炸	2942
亘	2943
矮	2944
彷	2945
亮	2946
腓	2947
繹	2948
咬	2949
駈	2950
篦	2951
箆	2952
枡	2953
疸	2954
杜	2955
盃	2956
璨	2957
瘢	2958
咄	2959
嗟	2960
恰	2961
挺	2962
癬	2963
牒	2964
嵩	2965
翅	2966
凪	2967
鯛	2968
鰌	2969
鰻	2970
娶	2971
蓼	2972
涸	2973
褪	2974
啖	2975
枷	2976
逼	2977
鯵	2978
榊	2979
刹	2980
錨	2981
鳶	2982
贔	2983
屓	2984
酋	2985
辟	2986
抉	2987
衷	2988
烙	2989
奢	2990
諍	2991
牌	2992
麿	2993
酌	2994
浣	2995
羹	2996
肛	2997
艱	2998
鯔	2999
捲	3000
嗤	3001
賎	3002
杳	3003
梟	3004
仄	3005
曽	3006
閂	3007
麒	3008
麟	3009
辰	3010
蝦	3011
剪	3012
侘	3013
閻	3014
ぅ	3015
偲	3016
拵	3017
琢	3018
竄	3019
鯖	3020
拇	3021
吼	3022
闊	3023
枇	3024
杷	3025
隼	3026
舅	3027
杵	3028
咤	3029
縒	3030
冪	3031
沐	3032
撼	3033
鋪	3034
徨	3035
沁	3036
莞	3037
猥	3038
毀	3039
獰	3040
勒	3041
楯	3042
廣	3043
狽	3044
俄	3045
ｰ	3046
ﾝ	3047
鄭	3048
忽	3049
湛	3050
甦	3051
熾	3052
謬	3053
櫂	3054
蛹	3055
什	3056
憫	3057
辣	3058
辻	3059
褄	3060
昂	3061
凱	3062
箴	3063
棍	3064
誼	3065
魘	3066
菖	3067
蚤	3068
〇	3069
睛	3070
虻	3071
︎	3072
蛎	3073
矍	3074
鑠	3075
筏	3076
淳	3077
鵞	3078
茜	3079
淀	3080
趨	3081
瑠	3082
璃	3083
鶇	3084
舛	3085
厘	3086
襷	3087
鬚	3088
綽	3089
梃	3090
繻	3091
顰	3092
犀	3093
蜥	3094
蜴	3095
泪	3096
翠	3097
痣	3098
鱠	3099
軈	3100
欒	3101
飄	3102
芻	3103
瀉	3104
恕	3105
儂	3106
凉	3107
眦	3108
疔	3109
曙	3110
靄	3111
饒	3112
托	3113
靨	3114
跏	3115
趺	3116
黍	3117
宏	3118
夥	3119
麝	3120
殲	3121
靜	3122
劉	3123
撻	3124
嬪	3125
㌔	3126
韜	3127
鼯	3128
鼺	3129
籃	3130
澹	3131
縋	3132
柩	3133
赧	3134
鬆	3135
菫	3136
箪	3137
笥	3138
楢	3139
夾	3140
荻	3141
俸	3142
吽	3143
憺	3144
莉	3145
逡	3146
暈	3147
鑚	3148
擽	3149
鬣	3150
竦	3151
涎	3152
佇	3153
蝉	3154
輿	3155
錮	3156
猜	3157
壜	3158
詭	3159
怀	3160
瑾	3161
欽	3162
揶	3163
揄	3164
ぃ	3165
傭	3166
悄	3167
謐	3168
嬰	3169
腋	3170
鬨	3171
雫	3172
愾	3173
逍	3174
癘	3175
燎	3176
顏	3177
吳	3178
傳	3179
邵	3180
褻	3181
彿	3182
詈	3183
紊	3184
磋	3185
芒	3186
榜	3187
劾	3188
縷	3189
ｳ	3190
ｧ	3191
ﾍ	3192
ﾆ	3193
ｹ	3194
筝	3195
鑽	3196
幇	3197
艾	3198
輛	3199
拮	3200
抒	3201
劫	3202
拌	3203
鍾	3204
銛	3205
栃	3206
鍼	3207
灸	3208
楠	3209
敲	3210
莢	3211
憬	3212
虞	3213
癲	3214
愴	3215
孕	3216
諌	3217
會	3218
舳	3219
褶	3220
滲	3221
眸	3222
ﾐ	3223
ﾊ	3224
ｴ	3225
迭	3226
熙	3227
